[
    {
        "id": 1,
        "name": "Toy Phone on Wheels",
        "ageGroup": "0-1",
        "location": "MO",
        "type": "free",
        "price": 0,
        "image": "/images/listings/0-1/phone.webp" 
    },
    {
        "id": 2,
        "name": "SK Wish",
        "ageGroup": "0-1",
        "location": "IN",
        "type": "for sale",
        "price": 3,
        "image": "/images/listings/0-1/skwish.webp"
    },
    {
        "id": 3,
        "name": "Stacking Toy",
        "ageGroup": "O-1",
        "location": "IN",
        "type": "looking for",
        "price": 0,
        "image": "/images/listings/0-1/stack.webp"
    },
    {
        "id": 4,
        "name": "Musical triceratops",
        "ageGroup": "0-1",
        "location": "MO",
        "type": "for sale",
        "price": 10,
        "image": "/images/listings/0-1/triceratops.webp"
    },
    {
        "id": 5,
        "name": "Busy Board",
        "ageGroup": "1-3",
        "location": "KY",
        "type": "free",
        "price": 0,
        "image": "/images/listings/1-3/busyboard.jpg"
    },
    {
        "id": 6,
        "name": "Busy Table",
        "ageGroup": "1-3",
        "location": "IL",
        "type": "looking for",
        "price": 0,
        "image": "/images/listings/1-3/busytable.jpg"
    }, 
    {
        "id": 7,
        "name": "Hedgehog Toy",
        "ageGroup": "1-3",
        "location": "MO",
        "type": "for sale",
        "price": 5,
        "image": "/images/listings/1-3/hedgehog.jpg"
    },
    {
        "id": 8,
        "name": "Montessori Farm",
        "ageGroup": "1-3",
        "location": "KY",
        "type": "free",
        "price": 0,
        "image": "/images/listings/#/montessori.webp"
    },
    {
        "id": 9,
        "name": "Riding Puppy",
        "ageGroup": "1-3e",
        "location": "IL",
        "type": "for sale",
        "price": 15,
        "image": "/images/listings/1-3/puppy.jpg"
    },
    {
        "id": 10,
        "name": "Building Blocks",
        "ageGroup": "3-5",
        "location": "IN",
        "type": "free",
        "price": 0,
        "image": "/images/listings/3-5/blocks.jpg"
    },
    {
        "id": 11,
        "name": "Chalkboard",
        "ageGroup": "3-5",
        "location": "MO",
        "type": "for sale",
        "price": 10,
        "image": "/images/listings/3-5/chalkboard.jpg"
    },
    {
        "id": 12,
        "name": "Doll Crib",
        "ageGroup": "3-5",
        "location": "IL",
        "type": "free",
        "price": 0,
        "image": "/images/listings/3-5/crib.jpg"
    },
    {
        "id": 13,
        "name": "Toy Farm Set",
        "ageGroup": "3-5",
        "location": "MO",
        "type": "for sale",
        "price": 20,
        "image": "/images/listings/3-5/farm.jpg"
    },
    {
        "id": 14,
        "name": "Gabby Playhouse",
        "ageGroup": "3-5",
        "location": "IN",
        "type": "looking for",
        "price": 0,
        "image": "/images/listings/3-5/gabby.jpg"
    },
    {
        "id": 15,
        "name": "Battle Box",
        "ageGroup": "6-9",
        "location": "KY",
        "type": "free",
        "price": 0,
        "image": "/images/listings/6-9/battlebox.jpg"
    },
    {
        "id": 16,
        "name": "Dress Up Doctor Set",
        "ageGroup": "6-9",
        "location": "IN",
        "type": "looking for",
        "price": 0,
        "image": "/images/listings/6-9/doctor.jpg"
    },
    {
        "id": 17,
        "name": "Megalodon Truck",
        "ageGroup": "6-9",
        "location": "MO",
        "type": "for sale",
        "price": 12,
        "image": "/images/listings/6-9/megalodon.jpg"
    },
    {
        "id": 18,
        "name": "Solar Robot Guy",
        "ageGroup": "6-9",
        "location": "IN",
        "type": "for sale",
        "price": 25,
        "image": "/images/listings/6-9/robotguy.jpg"
    },
    {
        "id": 19,
        "name": "Enrichment Tablet",
        "ageGroup": "6-9",
        "location": "MO",
        "type": "looking for",
        "price": 0,
        "image": "/images/listings/6-9/tablet.jpg"
    },
    {
        "id": 20,
        "name": "Zombie Truck",
        "ageGroup": "6-9",
        "location": "MO",
        "type": "for sale",
        "price": 12,
        "image": "/images/listings/6-9/zombie.jpg"
    },
    {
        "id": 21,
        "name": "Caesar's Caldenar",
        "ageGroup": "10-13",
        "location": "IL",
        "type": "free",
        "price": 0,
        "image": "/images/listings/10-12/caesar.jpg"
    },
    {
        "id": 22,
        "name": "Clydo Football",
        "ageGroup": "10-13",
        "location": "KY",
        "type": "free",
        "price": 0,
        "image": "/images/listings/10-12/football.jpg"
    },
    {
        "id": 23,
        "name": "Climbing Fort",
        "ageGroup": "10-13",
        "location": "IN",
        "type": "looking for",
        "price": 0,
        "image": "/images/listings/10-12/fort.jpg"
    },
    {
        "id": 24,
        "name": "Pottery Wheel",
        "ageGroup": "10-13",
        "location": "IL",
        "type": "for sale",
        "price": 30,
        "image": "/images/listings/10-12/potterywheel.jpg"
    },
    {
        "id": 25,
        "name": "Soccer Robot",
        "ageGroup": "10-13",
        "location": "IL",
        "type": "free",
        "price": 0,
        "image": "/images/listings/10-12/robot.jpg"
    },
    {
        "id": 26,
        "name": "Toy Skidsteer",
        "ageGroup": "10-13",
        "location": "MO",
        "type": "free",
        "price": 0,
        "image": "/images/listings/10-12/skidsteer.jpg"
    },
    {
        "id": 27,
        "name": "Solor Robots",
        "ageGroup": "10-13",
        "location": "KY",
        "type": "for sale/free/looking for",
        "price": 22,
        "image": "/images/listings/10-12/solarrobot.jpg"
    }
]
